{
  "Disabled": false,
  "Testing": false,
  "InstalledFromUrl": null,
  "IsThirdParty": false,
  "Author": "haplo, daemitus, Loskh, wozaiha",
  "Name": "JobIcons",
  "Punchline": null,
  "Description": "Names are dumb, use icons instead.",
  "Changelog": null,
  "Tags": null,
  "CategoryTags": null,
  "IsHide": false,
  "InternalName": "JobIcons",
  "AssemblyVersion": "5.0.0.0",
  "TestingAssemblyVersion": null,
  "IsTestingExclusive": false,
  "RepoUrl": "https://github.com/haplo064/JobIcons",
  "ApplicableVersion": "any",
  "DalamudApiLevel": 5,
  "DownloadCount": 0,
  "LastUpdate": 0,
  "DownloadLinkInstall": null,
  "DownloadLinkUpdate": null,
  "DownloadLinkTesting": null,
  "LoadPriority": 0,
  "ImageUrls": null,
  "IconUrl": null,
  "AcceptsFeedback": true,
  "FeedbackMessage": null,
  "FeedbackWebhook": null
}