{
  "Author": "haplo, daemitus, Loskh, wozaiha, KatawaJoJo",
  "Name": "JobIcons",
  "InternalName": "JobIcons",
  "AssemblyVersion": "7.0.0.2",
  "Description": "Names are dumb, use icons instead. The original has returned.",
  "ApplicableVersion": "any",
  "RepoUrl": "https://github.com/katawajojo/JobIcons",
  "DalamudApiLevel": 8,
  "LoadRequiredState": 0,
  "LoadSync": false,
  "LoadPriority": 0,
  "Punchline": "Names are dumb, use icons instead. The original has returned.",
  "AcceptsFeedback": true
}