{
  "Disabled": false,
  "Testing": false,
  "InstalledFromUrl": null,
  "IsThirdParty": false,
  "Author": "Liza Carvelli",
  "Name": "Slice is Right",
  "Punchline": "Shows where Bamboo falls.",
  "Description": "Shows where Bamboo falls.",
  "Changelog": null,
  "Tags": [
    "gold saucer",
    "yojimbo"
  ],
  "CategoryTags": null,
  "IsHide": false,
  "InternalName": "SliceIsRight",
  "AssemblyVersion": "1.1.0.1",
  "TestingAssemblyVersion": null,
  "IsTestingExclusive": false,
  "RepoUrl": "https://github.com/carvelli/Slice-Is-Right",
  "ApplicableVersion": "any",
  "DalamudApiLevel": 5,
  "DownloadCount": 0,
  "LastUpdate": 0,
  "DownloadLinkInstall": null,
  "DownloadLinkUpdate": null,
  "DownloadLinkTesting": null,
  "LoadPriority": 0,
  "ImageUrls": null,
  "IconUrl": null,
  "AcceptsFeedback": true,
  "FeedbackMessage": null,
  "FeedbackWebhook": null
}