{
  "Disabled": false,
  "Testing": false,
  "ScheduledForDeletion": false,
  "InstalledFromUrl": "",
  "IsThirdParty": false,
  "EffectiveVersion": "4.1.0.0",
  "Author": "Liza Carvelli",
  "Name": "Slice is Right",
  "Punchline": "Shows where Bamboo falls.",
  "Description": "Shows where Bamboo falls.",
  "Changelog": null,
  "Tags": [
    "gold saucer",
    "yojimbo"
  ],
  "CategoryTags": null,
  "IsHide": false,
  "InternalName": "SliceIsRight",
  "AssemblyVersion": "4.1.0.0",
  "TestingAssemblyVersion": null,
  "IsTestingExclusive": false,
  "RepoUrl": "https://github.com/carvelli/Slice-Is-Right",
  "ApplicableVersion": "any",
  "DalamudApiLevel": 7,
  "DownloadCount": 0,
  "LastUpdate": 0,
  "DownloadLinkInstall": null,
  "DownloadLinkUpdate": null,
  "DownloadLinkTesting": null,
  "LoadRequiredState": 0,
  "LoadSync": false,
  "LoadPriority": 0,
  "CanUnloadAsync": false,
  "ImageUrls": null,
  "IconUrl": null,
  "AcceptsFeedback": true,
  "FeedbackMessage": null,
  "_isDip17Plugin": false,
  "_Dip17Channel": null
}