{
  "Disabled": false,
  "Testing": false,
  "InstalledFromUrl": null,
  "IsThirdParty": false,
  "Author": "Sl0nderman",
  "Name": "Ocean Fishin'",
  "Punchline": "Suggests bait for ocean fishing.",
  "Description": "Automatically recommends bait to use based on your ocean fishing route. \nYou'll get suggestions for spectral fish, fisher's intuition buff, and missions.",
  "Changelog": null,
  "Tags": [
    "fishing",
    "bait",
    "duty"
  ],
  "CategoryTags": [
    "jobs"
  ],
  "IsHide": false,
  "InternalName": "OceanFishin",
  "AssemblyVersion": "2.2.0.1",
  "TestingAssemblyVersion": null,
  "IsTestingExclusive": false,
  "RepoUrl": "https://github.com/markjsosnowski/OceanFishin",
  "ApplicableVersion": "any",
  "DalamudApiLevel": 6,
  "DownloadCount": 0,
  "LastUpdate": 0,
  "DownloadLinkInstall": null,
  "DownloadLinkUpdate": null,
  "DownloadLinkTesting": null,
  "LoadPriority": 0,
  "ImageUrls": [
    "https://raw.githubusercontent.com/markjsosnowski/OceanFishin/master/preview1.png"
  ],
  "IconUrl": "https://raw.githubusercontent.com/markjsosnowski/OceanFishin/master/icon.png",
  "AcceptsFeedback": true,
  "FeedbackMessage": null,
  "FeedbackWebhook": null
}