{
  "Disabled": true,
  "Testing": true,
  "ScheduledForDeletion": false,
  "InstalledFromUrl": "",
  "IsThirdParty": false,
  "EffectiveVersion": "0.0.0.11",
  "Author": "cassandra308",
  "Name": "Where am I again?",
  "Punchline": "Shows what zone/region/territory you are in next to the server info.",
  "Description": "Shows what zone/region/territory you are in up in the corner next to the server and time info. Open config with /waia.",
  "Changelog": "Fixes menubar entry not unloading correctly. (Includes unloading/reloading the plugin)\n\nYou will need to relaunch for this update to work correctly as WAIA 0.0.0.9 has an unload bug. ",
  "Tags": [
    "Area",
    "Info",
    "Location",
    "Overlay",
    "UI",
    "Zone"
  ],
  "CategoryTags": [
    "UI"
  ],
  "IsHide": false,
  "InternalName": "WhereAmIAgain",
  "AssemblyVersion": "0.0.0.11",
  "TestingAssemblyVersion": "0.0.0.11",
  "IsTestingExclusive": true,
  "RepoUrl": "https://github.com/cassandra308/WhereAmIAgain",
  "ApplicableVersion": "any",
  "DalamudApiLevel": 7,
  "DownloadCount": 5969,
  "LastUpdate": 1655762872,
  "DownloadLinkInstall": "https://kamori.goats.dev/Plugin/Download/WhereAmIAgain?isUpdate=False&isTesting=False&branch=api6",
  "DownloadLinkUpdate": "https://raw.githubusercontent.com/goatcorp/DalamudPlugins/api6/WhereAmIAgain/plugins/latest.zip",
  "DownloadLinkTesting": "https://kamori.goats.dev/Plugin/Download/WhereAmIAgain?isUpdate=False&isTesting=True&branch=api6",
  "LoadRequiredState": 0,
  "LoadSync": false,
  "LoadPriority": 0,
  "CanUnloadAsync": false,
  "ImageUrls": null,
  "IconUrl": null,
  "AcceptsFeedback": true,
  "FeedbackMessage": null,
  "_isDip17Plugin": false,
  "_Dip17Channel": null
}