{
  "Disabled": false,
  "Testing": false,
  "InstalledFromUrl": null,
  "IsThirdParty": false,
  "Author": "ackwell",
  "Name": "Browser Host",
  "Punchline": "Dalamud plugin for in-game browser rendering.",
  "Description": "Dalamud plugin for in-game browser rendering. Think OverlayPlugin, but it's in the game itself.\nUse the settings button below or the '/bh config' command to configure.",
  "Changelog": null,
  "Tags": [
    "framework",
    "browser",
    "inlay"
  ],
  "CategoryTags": null,
  "IsHide": false,
  "InternalName": "BrowserHost.Plugin",
  "AssemblyVersion": "1.4.1.3",
  "TestingAssemblyVersion": null,
  "IsTestingExclusive": false,
  "RepoUrl": "https://github.com/ackwell/BrowserHost",
  "ApplicableVersion": "any",
  "DalamudApiLevel": 5,
  "DownloadCount": 0,
  "LastUpdate": 0,
  "DownloadLinkInstall": null,
  "DownloadLinkUpdate": null,
  "DownloadLinkTesting": null,
  "LoadPriority": 0,
  "ImageUrls": null,
  "IconUrl": null,
  "AcceptsFeedback": true,
  "FeedbackMessage": null,
  "FeedbackWebhook": null
}