{
  "Disabled": false,
  "Testing": false,
  "ScheduledForDeletion": false,
  "InstalledFromUrl": "",
  "IsThirdParty": false,
  "EffectiveVersion": "2.0.0.6",
  "Author": "goat",
  "Name": "Discord Rich Presence",
  "Punchline": "Show your zone, job, level, name, and world in your Discord status",
  "Description": "This plugin allows you to show your zone, job, level, name, and world in your Discord status.",
  "Changelog": "* Added party grouping support, will show people you group with on Discord if they also use the plugin\n* Now shows AFK status by default, can be disabled\n* Now shows queue position if Waitingway is installed",
  "Tags": [
    "Discord"
  ],
  "CategoryTags": null,
  "IsHide": false,
  "InternalName": "Dalamud.RichPresence",
  "AssemblyVersion": "2.0.0.6",
  "TestingAssemblyVersion": null,
  "IsTestingExclusive": false,
  "RepoUrl": null,
  "ApplicableVersion": "any",
  "DalamudApiLevel": 7,
  "DownloadCount": 0,
  "LastUpdate": 0,
  "DownloadLinkInstall": null,
  "DownloadLinkUpdate": null,
  "DownloadLinkTesting": null,
  "LoadRequiredState": 0,
  "LoadSync": false,
  "LoadPriority": 0,
  "CanUnloadAsync": false,
  "ImageUrls": null,
  "IconUrl": null,
  "AcceptsFeedback": true,
  "FeedbackMessage": null,
  "_isDip17Plugin": false,
  "_Dip17Channel": null
}