{
  "Disabled": false,
  "Testing": false,
  "InstalledFromUrl": null,
  "IsThirdParty": false,
  "Author": "BiscuitUmU, Kazumi, KatawaJoJo",
  "Name": "FantasyPlayer",
  "Punchline": null,
  "Description": "Control Spotify playback from within FFX|V\nUse the button below to open settings or use the '/pfp settings' command.",
  "Changelog": null,
  "Tags": null,
  "CategoryTags": null,
  "IsHide": false,
  "InternalName": "FantasyPlayer.Dalamud",
  "AssemblyVersion": "2.9.0.1",
  "TestingAssemblyVersion": null,
  "IsTestingExclusive": false,
  "RepoUrl": "https://github.com/Dormanil/FantasyPlayer",
  "ApplicableVersion": "any",
  "DalamudApiLevel": 5,
  "DownloadCount": 0,
  "LastUpdate": 0,
  "DownloadLinkInstall": null,
  "DownloadLinkUpdate": null,
  "DownloadLinkTesting": null,
  "LoadPriority": 0,
  "ImageUrls": null,
  "IconUrl": null,
  "AcceptsFeedback": true,
  "FeedbackMessage": null,
  "FeedbackWebhook": null
}