{
  "Disabled": false,
  "Testing": false,
  "ScheduledForDeletion": false,
  "InstalledFromUrl": null,
  "IsThirdParty": false,
  "EffectiveVersion": "1.3.2.3",
  "Author": "Haplo064",
  "Name": "Chat Bubbles",
  "Punchline": "Enables in-game chat bubbles.",
  "Description": "Using native chat bubble display, see who is talking about what in a more natural fashion.",
  "Changelog": "Fixed custom emotes (again). Added better colour picker ui.",
  "Tags": [
    "UI",
    "Roleplay",
    "RP",
    "Bubbles",
    "Chat"
  ],
  "CategoryTags": [
    "social"
  ],
  "IsHide": false,
  "InternalName": "ChatBubbles",
  "AssemblyVersion": "1.3.2.3",
  "TestingAssemblyVersion": null,
  "IsTestingExclusive": false,
  "RepoUrl": "https://github.com/Haplo064/ChatBubbles",
  "ApplicableVersion": "any",
  "DalamudApiLevel": 7,
  "DownloadCount": 137930,
  "LastUpdate": 0,
  "DownloadLinkInstall": "https://kamori.goats.dev/Plugin/Download/ChatBubbles?isUpdate=False&isTesting=False&branch=api5",
  "DownloadLinkUpdate": "https://raw.githubusercontent.com/goatcorp/DalamudPlugins/api5/plugins/ChatBubbles/latest.zip",
  "DownloadLinkTesting": "https://kamori.goats.dev/Plugin/Download/ChatBubbles?isUpdate=False&isTesting=True&branch=api5",
  "LoadRequiredState": 0,
  "LoadSync": false,
  "LoadPriority": 0,
  "CanUnloadAsync": false,
  "ImageUrls": null,
  "IconUrl": null,
  "AcceptsFeedback": true,
  "FeedbackMessage": null,
  "_isDip17Plugin": false,
  "_Dip17Channel": null
}