{
  "Disabled": false,
  "Testing": false,
  "ScheduledForDeletion": false,
  "InstalledFromUrl": "",
  "IsThirdParty": false,
  "EffectiveVersion": "1.1.0.2",
  "Author": "Sl0nderman",
  "Name": "Blue Mage Helper",
  "Punchline": "Helps you fill our your Blue Mage Spellbook",
  "Description": "Adds monster names and coordinates to the \"Where to Learn\" section of your blue mage spellbook.",
  "Changelog": null,
  "Tags": [
    "spells",
    "spellbook",
    "blu"
  ],
  "CategoryTags": [
    "jobs"
  ],
  "IsHide": false,
  "InternalName": "BlueMageHelper",
  "AssemblyVersion": "1.1.0.2",
  "TestingAssemblyVersion": null,
  "IsTestingExclusive": false,
  "RepoUrl": "https://github.com/markjsosnowski/BlueMageHelper",
  "ApplicableVersion": "any",
  "DalamudApiLevel": 7,
  "DownloadCount": 0,
  "LastUpdate": 0,
  "DownloadLinkInstall": null,
  "DownloadLinkUpdate": null,
  "DownloadLinkTesting": null,
  "LoadRequiredState": 0,
  "LoadSync": false,
  "LoadPriority": 0,
  "CanUnloadAsync": false,
  "ImageUrls": null,
  "IconUrl": "https://raw.githubusercontent.com/markjsosnowski/BlueMageHelper/master/icon.png",
  "AcceptsFeedback": true,
  "FeedbackMessage": null,
  "_isDip17Plugin": false,
  "_Dip17Channel": null
}