{
  "Disabled": false,
  "Testing": false,
  "ScheduledForDeletion": false,
  "InstalledFromUrl": "",
  "IsThirdParty": false,
  "EffectiveVersion": "1.0.0.9",
  "Author": "goat",
  "Name": "Fancy Loading Screens",
  "Punchline": "Shows the destination zone's concept art while loading",
  "Description": "This plugin shows the destination zone's concept art while loading.",
  "Changelog": null,
  "Tags": null,
  "CategoryTags": null,
  "IsHide": false,
  "InternalName": "Dalamud.LoadingImage",
  "AssemblyVersion": "1.0.0.9",
  "TestingAssemblyVersion": null,
  "IsTestingExclusive": false,
  "RepoUrl": null,
  "ApplicableVersion": "any",
  "DalamudApiLevel": 7,
  "DownloadCount": 0,
  "LastUpdate": 0,
  "DownloadLinkInstall": null,
  "DownloadLinkUpdate": null,
  "DownloadLinkTesting": null,
  "LoadRequiredState": 0,
  "LoadSync": false,
  "LoadPriority": 0,
  "CanUnloadAsync": false,
  "ImageUrls": null,
  "IconUrl": null,
  "AcceptsFeedback": true,
  "FeedbackMessage": null,
  "_isDip17Plugin": false,
  "_Dip17Channel": null
}